,usageclass,checkouttype,materialtype,checkoutyear,checkoutmonth,checkouts,title,isbn,creator,subjects,publisher,publicationyear
8,Digital,OverDrive,EBOOK,2018,2,1,Krik? Krak!,,Edwidge Danticat,"Fiction, Literature, Short Stories","Random House, Inc.",2013
37,Digital,OverDrive,EBOOK,2018,3,2,More Than This,,Patrick Ness,"Young Adult Fiction, Young Adult Literature",Candlewick Press,2013
50,Digital,OverDrive,EBOOK,2018,12,3,Love Is Murder,,Sandra Brown,"Fiction, Thriller, Thriller","Harlequin Enterprises, Ltd.",2013
51,Digital,OverDrive,EBOOK,2018,12,3,Monkey Play,,Alyssa Satin Capucilli,"Beginning Reader, Juvenile Fiction","Random House, Inc.",2013
56,Digital,OverDrive,EBOOK,2018,12,1,The Story of French,,Jean-Benoit Nadeau,"History, Language Arts, Nonfiction",Macmillan Publishers,2013
61,Digital,OverDrive,EBOOK,2018,12,1,Who Was Ben Franklin?,,Dennis Brindell Fradin,"Biography & Autobiography, Juvenile Nonfiction","Penguin Group (USA), Inc.",2013
75,Digital,OverDrive,EBOOK,2018,12,2,The Girls' Guide to Hunting and Fishing,,Melissa Bank,"Fiction, Literature","Penguin Group (USA), Inc.",2013
147,Digital,OverDrive,EBOOK,2018,1,1,The White Plague,,Frank Herbert,"Fiction, Science Fiction",Macmillan Publishers,2013
182,Digital,OverDrive,EBOOK,2018,1,1,HHhH: A Novel,,Laurent Binet,"Fiction, Literature",Macmillan Publishers,2013
184,Digital,OverDrive,EBOOK,2018,1,1,Losing It,,Cora Carmack,"Fiction, Romance",HarperCollins Publishers Inc.,2013
191,Digital,OverDrive,EBOOK,2018,1,1,Alternate Realities,,C. J. Cherryh,"Fiction, Science Fiction","Penguin Group (USA), Inc.",2013
192,Digital,OverDrive,EBOOK,2018,1,1,Philosophy Made Simple,,Robert Hellenga,"Fiction, Literature","Hachette Digital, Inc.",2013
219,Digital,OverDrive,EBOOK,2018,1,2,"The Minor Adjustment Beauty Salon: The No. 1 Ladies' Detective Agency Series, Book 14",,Alexander McCall Smith,"Fiction, Humor (Fiction), Mystery","Random House, Inc.",2013
221,Digital,OverDrive,AUDIOBOOK,2018,1,1,The Problem of Pain (Unabridged),,C. S. Lewis,"Nonfiction, Religion & Spirituality",HarperCollins Publishers Inc.,2013
235,Digital,OverDrive,EBOOK,2018,1,1,Gunman's Rhapsody,,Robert B. Parker,"Fiction, Western","Penguin Group (USA), Inc.",2013
248,Digital,OverDrive,EBOOK,2018,1,1,"Borderlands: Inspector Benedict Devlin Series, Book 1",,Brian McGilloway,"Fiction, Mystery",Macmillan Publishers,2013
271,Digital,OverDrive,EBOOK,2018,1,1,365 Slow Cooker Suppers,,Stephanie O'Dea,"Cooking & Food, Nonfiction",Houghton Mifflin Harcourt Trade and Reference,2013
283,Digital,OverDrive,EBOOK,2018,1,1,Negocios: Spanish-language edition of Drown,,Junot Díaz,"Fiction, Literature, Short Stories","Random House, Inc.",2013
329,Digital,OverDrive,EBOOK,2018,1,3,"My Soul to Take: Thora Gudmundsdottir Series, Book 2",,Yrsa Sigurdardottir,"Fiction, Mystery",HarperCollins Publishers Inc.,2013
378,Digital,OverDrive,EBOOK,2018,1,5,"""F"" is for Fugitive: Kinsey Millhone Series, Book 6",,Sue Grafton,"Fiction, Mystery",Macmillan Publishers,2013
379,Digital,OverDrive,EBOOK,2018,1,2,"Damascus Countdown: David Shirazi Series, Book 3",,Joel C. Rosenberg,"Christian Fiction, Fiction, Suspense, Thriller",Tyndale House Publishers,2013
427,Digital,OverDrive,EBOOK,2018,1,3,"Murder on St. Mark's Place: Gaslight Mystery Series, Book 2",,Victoria Thompson,"Fiction, Mystery","Penguin Group (USA), Inc.",2013
526,Digital,OverDrive,EBOOK,2018,1,1,"Obsidian Mirror: Chronoptika Series, Book 1",,Catherine Fisher,"Fantasy, Mythology, Science Fiction & Fantasy, Young Adult Fiction","Penguin Group (USA), Inc.",2013
535,Digital,OverDrive,EBOOK,2018,1,2,The Lost Weekend,,Charles Jackson,"Classic Literature, Fiction, Literature","Random House, Inc.",2013
570,Digital,OverDrive,EBOOK,2018,1,2,Faeries Gone Wild,,MaryJanice Davidson,"Fantasy, Fiction, Romance",Macmillan Publishers,2013
574,Digital,OverDrive,EBOOK,2018,1,3,"Know Yourself, Forget Yourself: Five Truths to Transform Your Work, Relationships, and Everyday Life",,Marc Lesser,"New Age, Nonfiction",New World Library,2013
589,Digital,OverDrive,AUDIOBOOK,2018,1,2,Saving Zoe: A Novel (unabridged) (Unabridged),,Alyson Noël,"Young Adult Fiction, Young Adult Literature",Macmillan Audio,2013
606,Digital,OverDrive,AUDIOBOOK,2018,1,4,"City of Fallen Angels: Shadowhunters: The Mortal Instruments Series, Book 4 (unabridged) (Unabridged)",,Cassandra Clare,"Fantasy, Young Adult Fiction",Simon & Schuster - All Library,2013
630,Digital,OverDrive,AUDIOBOOK,2018,1,1,The Shark's Paintbrush: Biomimicry and How Nature Is Inspiring Innovation (unabridged) (Unabridged),,Jay Harman,"Business, Nature, Nonfiction, Science","Blackstone Audio, Inc.",2013
661,Digital,OverDrive,EBOOK,2018,1,1,The Dosadi Experiment,,Frank Herbert,"Fiction, Science Fiction",Macmillan Publishers,2013
714,Digital,OverDrive,AUDIOBOOK,2018,1,1,Cat O'Nine Tales: And Other Stories (unabridged) (Unabridged),,Jeffrey Archer,"Fiction, Short Stories",Macmillan Audio,2013
733,Digital,OverDrive,EBOOK,2018,1,1,Mutants: On Genetic Variety and the Human Body,,Armand Marie Leroi,"Nonfiction, Science","Penguin Group (USA), Inc.",2013
751,Digital,OverDrive,EBOOK,2018,1,1,The Stargirl Collection,,Jerry Spinelli,"Romance, Young Adult Fiction, Young Adult Literature","Random House, Inc.",2013
757,Digital,OverDrive,EBOOK,2018,1,2,Investing Online For Dummies,,Matt Krantz,"Business, Nonfiction","John Wiley & Sons, Inc.",2013
762,Digital,OverDrive,EBOOK,2018,1,1,"Faithful Unto Death: Chief Inspector Barnaby Series, Book 5",,Caroline Graham,"Fiction, Mystery",Macmillan Publishers,2013
773,Digital,OverDrive,EBOOK,2018,1,1,"Zakka Handmades: 24 Projects Sewn from Natural Fabrics to Help Organize, Adorn, and Simplify Your Life",,Amy Morinaka,"Crafts, Nonfiction",Quarto Publishing Group USA,2013
789,Digital,OverDrive,AUDIOBOOK,2018,1,3,"One, Two, Three: Absolutely Elementary Mathematics (unabridged) (Unabridged)",,David Berlinski,"Mathematics, Nonfiction",Books on Tape,2013
793,Digital,OverDrive,AUDIOBOOK,2018,1,2,Killing Jesus: A History (unabridged) (Unabridged),,Bill O'Reilly,"History, Nonfiction, Religion & Spirituality",Macmillan Audio,2013
832,Digital,OverDrive,EBOOK,2018,1,1,New York City History for Kids: From New Amsterdam to the Big Apple with 21 Activities,,Richard Panchyk,"History, Juvenile Nonfiction",Independent Publishers Group,2013
836,Digital,OverDrive,EBOOK,2018,1,3,Finding Your Element: How to Discover Your Talents and Passions and Transform Your Life,,"Sir Ken Robinson, PhD","Business, Education, Nonfiction, Self-Improvement","Penguin Group (USA), Inc.",2013
842,Digital,OverDrive,EBOOK,2018,1,1,"How to Marry a Highlander: Falcon Club Series, Book 3.5",,Katharine Ashe,"Fiction, Historical Fiction, Romance",HarperCollins Publishers Inc.,2013
843,Digital,OverDrive,AUDIOBOOK,2018,1,1,"Immoral Certainty: Butch Karp and Marlene Ciampi Series, Book 3 (unabridged) (Unabridged)",,Robert K. Tanenbaum,"Fiction, Thriller","Blackstone Audio, Inc.",2013
848,Digital,OverDrive,EBOOK,2018,1,1,"Dragon Moon: Moon Series, Book 11",,Rebecca York,"Fiction, Romance","Penguin Group (USA), Inc.",2013
854,Digital,OverDrive,AUDIOBOOK,2018,1,2,The Cairo Affair: A Novel (unabridged) (Unabridged),,Olen Steinhauer,"Fiction, Suspense, Thriller",Macmillan Audio,2013
885,Digital,OverDrive,EBOOK,2018,1,1,"Mrs. Jeffries Plays the Cook: Mrs. Jeffries and Inspector Witherspoon Series, Book 7",,Emily Brightwell,"Fiction, Mystery","Penguin Group (USA), Inc.",2013
907,Digital,OverDrive,EBOOK,2018,1,1,"Past Lives, Present Miracles",,Denise Linn,"New Age, Nonfiction","Hay House, Inc.",2013
912,Digital,OverDrive,EBOOK,2018,1,10,Zealot: The Life and Times of Jesus of Nazareth,,Reza Aslan,"Biography & Autobiography, Nonfiction, Politics, Religion & Spirituality","Random House, Inc.",2013
919,Digital,OverDrive,EBOOK,2018,1,1,"Carol Doak's Creative Combinations: Stunning Blocks & Borders from a Single Unit, 32 Paper-Pieced Units, 8 Quilt Projects",,Carol Doak,"Crafts, Nonfiction",National Book Network (NBN),2013
930,Digital,OverDrive,AUDIOBOOK,2018,1,1,The Suitors (Unabridged),,Cecile David-Weill,"Fiction, Literature","Blackstone Audio, Inc.",2013
958,Digital,OverDrive,EBOOK,2018,1,2,"Christmas in Snowflake Canyon: Hope's Crossing Series, Book 6",,RaeAnne  Thayne,"Fiction, Romance","Harlequin Enterprises, Ltd.",2013
987,Digital,OverDrive,EBOOK,2018,1,2,"Agatha Raisin and the Perfect Paragon: Agatha Raisin Mystery Series, Book 16",,M. C. Beaton,"Fiction, Humor (Fiction), Mystery",Macmillan Publishers,2013
1014,Digital,OverDrive,EBOOK,2018,1,1,Sea Glass Island,,Sherryl Woods,"Fiction, Romance","Harlequin Enterprises, Ltd.",2013
1018,Digital,OverDrive,AUDIOBOOK,2018,1,1,The Valkyries (Unabridged),,Paulo Coelho,"Fiction, Literature",HarperCollins Publishers Inc.,2013
1042,Digital,OverDrive,EBOOK,2018,1,1,"The Art of Stealing Time: Time Thief Series, Book 2",,Katie MacAlister,"Fantasy, Fiction, Romance, Thriller","Penguin Group (USA), Inc.",2013
1084,Digital,OverDrive,AUDIOBOOK,2018,1,1,"The Fountain of St. James Court; or, Portrait of the Artist as an Old Woman: A Novel (unabridged) (Unabridged)",,Sena Jeter Naslund,"Fiction, Historical Fiction",HarperCollins Publishers Inc.,2013
1150,Digital,OverDrive,EBOOK,2018,1,3,Fear in the Sunlight,,Nicola Upson,"Fiction, Literature",HarperCollins Publishers Inc.,2013
1184,Digital,OverDrive,EBOOK,2018,1,2,An Irresistible Bachelor,,J.R. Ward,"Fiction, Romance","Penguin Group (USA), Inc.",2013
1200,Digital,OverDrive,EBOOK,2018,1,3,"The Emotional Life of Your Brain: How Its Unique Patterns Affect the Way You Think, Feel, and Live—and How You Can Change Them",,Richard J. Davidson,"Nonfiction, Psychology","Penguin Group (USA), Inc.",2013
1214,Digital,OverDrive,EBOOK,2018,1,1,Thinking in New Boxes: A New Paradigm for Business Creativity,,Luc De Brabandere,"Business, Nonfiction, Psychology, Self-Improvement","Random House, Inc.",2013
1216,Digital,OverDrive,EBOOK,2018,1,1,The Last Surgeon,,Michael Palmer,"Fiction, Thriller",Macmillan Publishers,2013
1229,Digital,OverDrive,EBOOK,2018,1,1,Dear Girls Above Me: Inspired by a True Story,,Charles McDowell,"Biography & Autobiography, Family & Relationships, Humor (Nonfiction), Nonfiction","Random House, Inc.",2013
1274,Digital,OverDrive,EBOOK,2018,1,2,The Great Degeneration: How Institutions Decay and Economies Die,,Niall Ferguson,"Business, History, Nonfiction, Politics","Penguin Group (USA), Inc.",2013
1297,Digital,OverDrive,EBOOK,2018,1,1,Between Heaven and Here,,Susan Straight,"African American Fiction, Fiction, Literature",Lightning Source Inc,2013
1307,Digital,OverDrive,EBOOK,2018,1,18,"The Story of a New Name: Neapolitan Series, Book 2",,Elena Ferrante,"Fiction, Historical Fiction, Literature","Penguin Group (USA), Inc.",2013
1318,Digital,OverDrive,EBOOK,2018,1,1,"Richard Brautigan's Trout Fishing in America, The Pill Versus the Springhill Mine Disaster, and In Watermelon Sugar",,Richard Brautigan,"Fiction, Literature",Houghton Mifflin Harcourt Trade and Reference,2013
1320,Digital,OverDrive,EBOOK,2018,1,2,The Berenstain Bears and the Excuse Note,,Stan Berenstain,"Juvenile Fiction, Picture Book Fiction","Random House, Inc.",2013
1357,Digital,OverDrive,EBOOK,2018,1,6,Mindless Eating: Why We Eat More Than We Think,,"Brian Wansink, PhD","Health & Fitness, Nonfiction, Sociology","Random House, Inc.",2013
1367,Digital,OverDrive,AUDIOBOOK,2018,1,1,"The Eye of God: Sigma Force Series, Book 9 (unabridged) (Unabridged)",,James Rollins,"Fiction, Thriller",HarperCollins Publishers Inc.,2013
1381,Digital,OverDrive,EBOOK,2018,1,2,"Jungleland: A Mysterious Lost City, a WWII Spy, and a True Story of Deadly Adventure",,Christopher S. Stewart,"History, Nonfiction, Travel",HarperCollins Publishers Inc.,2013
1395,Digital,OverDrive,AUDIOBOOK,2018,1,3,"The Daybreakers: The Sacketts Series, Book 6 (unabridged) (Unabridged)",,Louis L'Amour,"Fiction, Historical Fiction, Thriller, Western",Books on Tape,2013
1427,Digital,OverDrive,EBOOK,2018,1,1,"The Reiki Manual: A Training Guide for Reiki Students, Practitioners, and Masters",,Penelope Quest,"Health & Fitness, Nonfiction","Penguin Group (USA), Inc.",2013
1464,Digital,OverDrive,EBOOK,2018,1,1,"Roll Over and Play Dead: Claire Malloy Mystery Series, Book 6",,Joan Hess,"Fiction, Mystery",Macmillan Publishers,2013
1466,Digital,OverDrive,AUDIOBOOK,2018,1,4,"The Last Colony: Old Man's War Series, Book 3 (unabridged) (Unabridged)",,John Scalzi,"Fiction, Science Fiction",Macmillan Audio,2013
1476,Digital,OverDrive,EBOOK,2018,1,1,Volcanoes!: Mountains of Fire,,Eric Arnold,"Beginning Reader, Juvenile Nonfiction, Nature, Science","Random House, Inc.",2013
1484,Digital,OverDrive,EBOOK,2018,1,1,"The Planet of Libris: The Little Prince Series, Book 11",,Agnès Bidaud,"Comic and Graphic Books, Fantasy, Juvenile Fiction",Lerner Publishing Group,2013
1486,Digital,OverDrive,EBOOK,2018,1,4,"Going Clear: Scientology, Hollywood, and the Prison of Belief",,Lawrence Wright,"Nonfiction, Religion & Spirituality, Sociology","Random House, Inc.",2013
1508,Digital,OverDrive,EBOOK,2018,1,1,Steal the Menu: A Memoir of Forty Years in Food,,Raymond Sokolov,"Biography & Autobiography, Cooking & Food, Essays, Nonfiction","Random House, Inc.",2013
1531,Digital,OverDrive,EBOOK,2018,1,1,Wedded in Scandal,,Jade Lee,"Fiction, Historical Fiction, Romance","Penguin Group (USA), Inc.",2013
1582,Digital,OverDrive,EBOOK,2018,1,4,"Middle School, the Worst Years of My Life: Middle School Series, Book 1",,James Patterson,"Comic and Graphic Books, Humor (Fiction), Juvenile Fiction","Hachette Digital, Inc.",2013
1610,Digital,OverDrive,EBOOK,2018,1,2,"Copycat Killing: Magical Cats Mystery Series, Book 3",,Sofie Kelly,"Fiction, Mystery","Penguin Group (USA), Inc.",2013
1642,Digital,OverDrive,EBOOK,2018,1,1,"The City Series, Book 1",,Stella Gemmell,"Fantasy, Fiction, Historical Fiction","Penguin Group (USA), Inc.",2013
1652,Digital,OverDrive,EBOOK,2018,1,1,Lone Eagle,,Danielle Steel,"Fiction, Romance","Random House, Inc.",2013
1669,Digital,OverDrive,EBOOK,2018,1,2,"The Murder at the Murder at the Mimosa Inn: Claire Malloy Mystery Series, Book 2",,Joan Hess,"Fiction, Mystery",Macmillan Publishers,2013
1673,Digital,OverDrive,EBOOK,2018,1,4,"Wicked Ties: Wicked Lovers Series, Book 1",,Shayla Black,"Erotic Literature, Fiction, Romance","Penguin Group (USA), Inc.",2013
1675,Digital,OverDrive,EBOOK,2018,1,1,Grown Men,,Damon Suede,"Fiction, Romance, Science Fiction",Riptide Publishing,2013
1696,Digital,OverDrive,EBOOK,2018,1,1,"A Touch of Fae: Witches Knot Series, Book 2",,Lauren Dane,"Erotic Literature, Fiction, Romance",Ellora's Cave Publishing Inc,2013
1720,Digital,OverDrive,EBOOK,2018,1,2,The Merry Adventures of Robin Hood,,Howard Pyle,"Classic Literature, Fiction","Penguin Group (USA), Inc.",2013
1723,Digital,OverDrive,EBOOK,2018,1,2,Whales: The Gentle Giants,,Joyce Milton,"Beginning Reader, Juvenile Nonfiction, Nature, Picture Book Nonfiction","Random House, Inc.",2013
1805,Digital,OverDrive,EBOOK,2018,1,2,Root-to-Stalk Cooking: The Art of Using the Whole Vegetable,,Tara Duggan,"Cooking & Food, Nonfiction","Random House, Inc.",2013
1814,Digital,OverDrive,EBOOK,2018,1,5,The Charisma Myth: How Anyone Can Master the Art and Science of Personal Magnetism,,Olivia Fox Cabane,"Business, Nonfiction","Penguin Group (USA), Inc.",2013
1843,Digital,OverDrive,EBOOK,2018,1,4,The Trouble With Being a Duke,,Sophie Barnes,"Fiction, Historical Fiction, Romance",HarperCollins Publishers Inc.,2013
1858,Digital,OverDrive,EBOOK,2018,1,2,"The Children of the Sky: Zones of Thought Series, Book 3",,Vernor Vinge,"Fiction, Science Fiction",Macmillan Publishers,2013
1884,Digital,OverDrive,EBOOK,2018,1,1,"A War of Gifts: Ender Wiggin Series, Book 5",,Orson Scott Card,"Fiction, Science Fiction",Macmillan Publishers,2013
1924,Digital,OverDrive,EBOOK,2018,1,1,"Aunt Dimity and the Lost Prince: Aunt Dimity Series, Book 18",,Nancy Atherton,"Fiction, Mystery","Penguin Group (USA), Inc.",2013
1979,Digital,OverDrive,EBOOK,2018,1,1,"Flat Spin: Cordell Logan Series, Book 1",,David Freed,"Fiction, Mystery",The Permanent Press,2013
2011,Digital,OverDrive,AUDIOBOOK,2018,1,1,King of Shadows (Unabridged),,Susan Cooper,"Juvenile Fiction, Juvenile Literature",Books on Tape,2013
2027,Digital,OverDrive,AUDIOBOOK,2018,1,2,Intellectuals and Race (Unabridged),,Thomas Sowell,"History, Nonfiction, Politics, Sociology","Blackstone Audio, Inc.",2013
2056,Digital,OverDrive,EBOOK,2018,1,1,Odds On: A Novel,,Michael Crichton,"Fiction, Thriller",Open Road Integrated Media,2013
2081,Digital,OverDrive,EBOOK,2018,1,1,Right Behind You,,Gail Giles,Young Adult Fiction,"Hachette Digital, Inc.",2013
2085,Digital,OverDrive,EBOOK,2018,1,1,A Pet Named Sneaker,,Joan Heilbroner,"Beginning Reader, Juvenile Fiction","Random House, Inc.",2013
2093,Digital,OverDrive,EBOOK,2018,1,1,Great Jones Street,,Don DeLillo,"Fiction, Literature","Penguin Group (USA), Inc.",2013
2111,Digital,OverDrive,AUDIOBOOK,2018,1,1,"The Rescue: Guardians of Ga'Hoole Series, Book 3 (unabridged) (Unabridged)",,Kathryn Lasky,"Fantasy, Juvenile Fiction","Blackstone Audio, Inc.",2013
2146,Digital,OverDrive,EBOOK,2018,1,1,"Burning Lamp: Arcane Society: The Dreamlight Trilogy, Book 2",,Amanda Quick,"Fantasy, Fiction, Romance","Penguin Group (USA), Inc.",2013
2151,Digital,OverDrive,EBOOK,2018,1,2,"Folks, This Ain't Normal: A Farmer's Advice for Happier Hens, Healthier People, and a Better World",,Joel Salatin,"Health & Fitness, Home Design & Décor, Nonfiction, Sociology","Hachette Digital, Inc.",2013
2193,Digital,OverDrive,EBOOK,2018,1,1,How Should a Person Be?: A Novel from Life,,Sheila Heti,"Fiction, Literature",Macmillan Publishers,2013
2250,Digital,OverDrive,AUDIOBOOK,2018,1,1,The Carrot Seed (Unabridged),,Ruth Krauss,"Juvenile Fiction, Juvenile Literature",Live Oak Media,2013
2268,Digital,OverDrive,EBOOK,2018,1,2,"The Dark Mirror: The Bridei Chronicles, Book 1",,Juliet Marillier,"Fantasy, Fiction",Macmillan Publishers,2013
2309,Digital,OverDrive,EBOOK,2018,1,1,Ghostman,,Roger Hobbs,"Fiction, Mystery, Thriller","Random House, Inc.",2013
2375,Digital,OverDrive,EBOOK,2018,1,1,"Cat Coming Home: Joe Grey Series, Book 16",,Shirley Rousseau Murphy,"Fiction, Mystery",HarperCollins Publishers Inc.,2013
2427,Digital,OverDrive,EBOOK,2018,1,1,A Tap on the Window,,Linwood Barclay,"Fiction, Suspense, Thriller","Penguin Group (USA), Inc.",2013
2515,Digital,OverDrive,EBOOK,2018,1,3,The Magus,,John Fowles,"Classic Literature, Fiction, Literature","Hachette Digital, Inc.",2013
2521,Digital,OverDrive,EBOOK,2018,1,1,"Hush Now, Don't You Cry: Molly Murphy Series, Book 11",,Rhys Bowen,"Fiction, Historical Fiction, Mystery",Macmillan Publishers,2013
2549,Digital,OverDrive,EBOOK,2018,1,2,"Talk to the Hand: The Utter Bloody Rudeness of the World Today, or Six Good Reasons to Stay Home and Bolt The Door",,Lynne Truss,"Essays, Humor (Nonfiction), Nonfiction","Penguin Group (USA), Inc.",2013
2573,Digital,OverDrive,EBOOK,2018,1,1,Baked Explorations: Classic American Desserts Reinvented,,Matt Lewis,"Cooking & Food, Nonfiction",ABRAMS,2013
2595,Digital,OverDrive,EBOOK,2018,1,1,Fat Tuesday,,Sandra Brown,"Fiction, Suspense, Thriller","Hachette Digital, Inc.",2013
2597,Digital,OverDrive,EBOOK,2018,1,3,One Flew Over the Cuckoo's Nest,,Ken Kesey,"Fiction, Literature","Penguin Group (USA), Inc.",2013
2606,Digital,OverDrive,EBOOK,2018,1,1,"Dear Miss Demeanor: Claire Malloy Mystery Series, Book 3",,Joan Hess,"Fiction, Mystery",Macmillan Publishers,2013
2618,Digital,OverDrive,EBOOK,2018,1,1,The House on Hope Street,,Danielle Steel,"Fiction, Romance","Random House, Inc.",2013
2653,Digital,OverDrive,EBOOK,2018,1,1,The War for All the Oceans: From Nelson at the Nile to Napoleon at Waterloo,,Roy Adkins,"History, Military, Nonfiction","Penguin Group (USA), Inc.",2013
2679,Digital,OverDrive,AUDIOBOOK,2018,1,1,"Seeds of Rebellion: Beyonders Series, Book 2 (unabridged) (Unabridged)",,Brandon Mull,"Fantasy, Young Adult Fiction",Simon & Schuster - All Library,2013
2699,Digital,OverDrive,EBOOK,2018,1,2,Belle de Jour: Diary of an Unlikely Call Girl,,Anonymous,"Biography & Autobiography, Nonfiction, Sociology","Hachette Digital, Inc.",2013
2701,Digital,OverDrive,EBOOK,2018,1,1,Lost and Found,,Jayne Ann Krentz,"Fiction, Romance, Suspense","Penguin Group (USA), Inc.",2013
2753,Digital,OverDrive,EBOOK,2018,1,1,"The Saint: Highland Guard Series, Book 6",,Monica McCarty,"Fiction, Historical Fiction, Romance","Random House, Inc.",2013
2813,Digital,OverDrive,EBOOK,2018,1,1,"The Lies that Bind: Neil Hamel Series, Book 5",,Judith Van Gieson,"Fiction, Mystery","Blackstone Audio, Inc.",2013
2837,Digital,OverDrive,EBOOK,2018,1,5,With the Old Breed: At Peleliu and Okinawa,,E.B. Sledge,"Biography & Autobiography, History, Military, Nonfiction","Random House, Inc.",2013
2851,Digital,OverDrive,AUDIOBOOK,2018,1,1,"Only Pleasure: Bound Hearts Series, Book 10 (unabridged) (Unabridged)",,Lora Leigh,"Fiction, Romance, Suspense",Macmillan Audio,2013
2901,Digital,OverDrive,AUDIOBOOK,2018,1,1,The Wig in the Window (Unabridged),,Kristen Kittscher,"Juvenile Fiction, Mystery",HarperCollins Publishers Inc.,2013
2961,Digital,OverDrive,EBOOK,2018,1,1,The Org: The Underlying Logic of the Office,,Ray Fisman,"Business, Nonfiction, Psychology","Hachette Digital, Inc.",2013
3012,Digital,OverDrive,AUDIOBOOK,2018,1,2,"The Sasquatch Escape: Imaginary Veterinary Series, Book 1 (unabridged) (Unabridged)",,Suzanne Selfors,"Juvenile Fiction, Science Fiction & Fantasy","Blackstone Audio, Inc.",2013
3025,Digital,OverDrive,EBOOK,2018,1,2,The Ballad of Gregoire Darcy: Jane Austen's Pride and Prejudice Continues,,Marsha Altman,"Fiction, Romance",Lightning Source Inc,2013
3027,Digital,OverDrive,EBOOK,2018,1,2,"Nightshifted: Edie Spence Series, Book 1",,Cassie Alexander,"Fantasy, Fiction, Romance",Macmillan Publishers,2013
3060,Digital,OverDrive,EBOOK,2018,1,1,Inspired & Unstoppable: Wildly Succeeding at Your Life's Work!,,Tama Kieves,"Business, Careers, Nonfiction","Penguin Group (USA), Inc.",2013
3075,Digital,OverDrive,EBOOK,2018,1,3,On Rue Tatin: Living and Cooking in a French Town,,Susan Herrmann Loomis,"Biography & Autobiography, Cooking & Food, Nonfiction","Random House, Inc.",2013
3094,Digital,OverDrive,EBOOK,2018,1,1,Simeon's Story: An Eyewitness Account of the Kidnapping of Emmett Till,,Simeon Wright,"Biography & Autobiography, Young Adult Nonfiction",Independent Publishers Group,2013
3098,Digital,OverDrive,EBOOK,2018,1,5,"One Night of Sin: The Knight Miscellany Series, Book 6",,Gaelen Foley,"Fiction, Historical Fiction, Romance","Random House, Inc.",2013
3137,Digital,OverDrive,EBOOK,2018,1,1,Animal Wise: How We Know Animals Think and Feel,,Virginia Morell,"Nature, Nonfiction, Pets, Science","Random House, Inc.",2013
3149,Digital,OverDrive,EBOOK,2018,1,4,"Steal the Dragon: Sianim Series, Book 3",,Patricia Briggs,"Fantasy, Fiction","Penguin Group (USA), Inc.",2013
3152,Digital,OverDrive,EBOOK,2018,1,5,Nexus,,Ramez Naam,"Fiction, Science Fiction, Suspense","Random House, Inc.",2013
3224,Digital,OverDrive,EBOOK,2018,1,1,"Into the Dark: The Bodyguards Series, Book 6",,Cindy Gerard,"Fiction, Romance, Suspense",Macmillan Publishers,2013
3230,Digital,OverDrive,EBOOK,2018,1,3,"Deeply Odd: Odd Thomas Series, Book 6",,Dean Koontz,"Fantasy, Fiction, Horror, Thriller","Random House, Inc.",2013
3256,Digital,OverDrive,AUDIOBOOK,2018,1,2,"Beautiful Redemption: Beautiful Creatures Series, Book 4 (unabridged) (Unabridged)",,Kami Garcia,"Fantasy, Romance, Young Adult Fiction","Dreamscape Media, LLC",2013
3258,Digital,OverDrive,EBOOK,2018,1,2,"In the Bleak Midwinter: Clare Fergusson and Russ Van Alstyne Mystery Series, Book 1",,Julia Spencer-Fleming,"Fiction, Mystery",Macmillan Publishers,2013
3288,Digital,OverDrive,EBOOK,2018,1,2,Our Tragic Universe,,Scarlett Thomas,"Fiction, Literature",Houghton Mifflin Harcourt Trade and Reference,2013
3322,Digital,OverDrive,AUDIOBOOK,2018,1,1,"Two Graves: Pendergast Series, Book 12 (unabridged) (Unabridged)",,Douglas Preston,"Fiction, Thriller","Blackstone Audio, Inc.",2013
3338,Digital,OverDrive,EBOOK,2018,1,1,Watching Eagles Soar,,Margaret Coel,"Fiction, Mystery","Penguin Group (USA), Inc.",2013
3344,Digital,OverDrive,EBOOK,2018,1,3,Sisters in Sanity,,Gayle Forman,"Romance, Young Adult Fiction",HarperCollins Publishers Inc.,2013
3346,Digital,OverDrive,EBOOK,2018,1,2,The Danger,,Dick Francis,"Fiction, Mystery","Penguin Group (USA), Inc.",2013
3375,Digital,OverDrive,EBOOK,2018,1,3,"Tempt the Stars: Cassandra Palmer Series, Book 6",,Karen Chance,"Fantasy, Fiction","Penguin Group (USA), Inc.",2013
3421,Digital,OverDrive,EBOOK,2018,1,1,"Jester Leaps In: Fools' Guild Mystery Series, Book 2",,Alan Gordon,"Fiction, Mystery",Macmillan Publishers,2013
3452,Digital,OverDrive,AUDIOBOOK,2018,1,3,Mastermind: How To Think Like Sherlock Holmes (unabridged) (Unabridged),,Maria Konnikova,"Nonfiction, Psychology, Self-Improvement",Gildan Media Corp,2013
3461,Digital,OverDrive,EBOOK,2018,1,1,The Wig in the Window,,Kristen Kittscher,"Humor (Fiction), Juvenile Fiction, Juvenile Literature, Mystery",HarperCollins Publishers Inc.,2013
3470,Digital,OverDrive,EBOOK,2018,1,2,"Nate the Great, San Francisco Detective: Nate the Great Series, Book 22",,Marjorie Weinman Sharmat,"Beginning Reader, Juvenile Fiction, Mystery","Random House, Inc.",2013
3499,Digital,OverDrive,EBOOK,2018,1,1,"The Pillars of Creation: Sword of Truth Series, Book 7",,Terry Goodkind,"Fantasy, Fiction",Macmillan Publishers,2013
3521,Digital,OverDrive,AUDIOBOOK,2018,1,6,Lost Girls: An Unsolved American Mystery (unabridged) (Unabridged),,Robert Kolker,"Nonfiction, True Crime",HarperCollins Publishers Inc.,2013
3541,Digital,OverDrive,EBOOK,2018,1,1,"Killer Keepsakes: Josie Prescott Antiques Mystery Series, Book 4",,Jane K. Cleland,"Fiction, Mystery",Macmillan Publishers,2013
3545,Digital,OverDrive,EBOOK,2018,1,3,"In the Ocean of Night: Galactic Center Series, Book 1",,Gregory Benford,"Fiction, Science Fiction","Hachette Digital, Inc.",2013
3580,Digital,OverDrive,AUDIOBOOK,2018,1,1,Sweet Salt Air: A Novel (unabridged) (Unabridged),,Barbara Delinsky,"Fiction, Literature, Romance",Macmillan Audio,2013
3588,Digital,OverDrive,AUDIOBOOK,2018,1,2,Roller Coaster (Unabridged),,Marla Frazee,"Juvenile Fiction, Juvenile Literature",Live Oak Media,2013
3603,Digital,OverDrive,EBOOK,2018,1,2,The Secret Life of Lady Lucinda,,Sophie Barnes,"Fiction, Historical Fiction, Romance",HarperCollins Publishers Inc.,2013
3609,Digital,OverDrive,EBOOK,2018,1,1,Shrapnel: A Memoir,,William Wharton,"Biography & Autobiography, History, Military, Nonfiction",HarperCollins Publishers Inc.,2013
3673,Digital,OverDrive,EBOOK,2018,1,1,"The Demon and the Succubus: Sisters of Darkness Series, Book 2",,Cassie Ryan,"Fantasy, Fiction, Romance","Penguin Group (USA), Inc.",2013
3699,Digital,OverDrive,EBOOK,2018,1,12,"Ender's Game: Ender Wiggin Series, Book 1",,Orson Scott Card,"Fiction, Science Fiction",Macmillan Publishers,2013
3714,Digital,OverDrive,EBOOK,2018,1,4,Reservation Blues: A Novel,,Sherman Alexie,"Fiction, Literature",Open Road Integrated Media,2013
3772,Digital,OverDrive,AUDIOBOOK,2018,1,2,Wonderfully Made (Unabridged),,Joyce Meyer,"Juvenile Fiction, Picture Book Fiction",Zondervan,2013
3821,Digital,OverDrive,EBOOK,2018,1,1,Rosinante to the Road Again,,John Dos Passos,"Nonfiction, Travel","Sterling Publishing Co., Inc.",2013
3864,Digital,OverDrive,EBOOK,2018,1,9,Purple Hibiscus: A Novel,,Chimamanda Ngozi Adichie,"Young Adult Fiction, Young Adult Literature",Workman Publishing,2013
3925,Digital,OverDrive,EBOOK,2018,1,1,"Tracking Bear: Ella Clah Series, Book 8",,Aimée Thurlo,"Fiction, Mystery",Macmillan Publishers,2013
3930,Digital,OverDrive,EBOOK,2018,1,2,The Stanislavski System: The Professional Training of an Actor; Second Revised Edition,,Sonia Moore,"Nonfiction, Performing Arts","Penguin Group (USA), Inc.",2013
3968,Digital,OverDrive,EBOOK,2018,1,1,Going Once,,Sharon  Sala,"Fiction, Romance, Suspense, Suspense","Harlequin Enterprises, Ltd.",2013
3981,Digital,OverDrive,EBOOK,2018,1,6,Wired for Love: How Understanding Your Partner's Brain and Attachment Style Can Help You Defuse Conflict and Build a Secure Relationship,,Stan Tatkin,"Family & Relationships, Nonfiction",New Harbinger Publications,2013
4006,Digital,OverDrive,AUDIOBOOK,2018,1,1,"Poppet: Jack Caffery Series, Book 6 (unabridged) (Unabridged)",,Mo Hayder,"Fiction, Mystery, Suspense, Thriller","Dreamscape Media, LLC",2013
4050,Digital,OverDrive,AUDIOBOOK,2018,1,1,The Empty Land (Unabridged),,Louis L'Amour,"Fiction, Western",Books on Tape,2013
4059,Digital,OverDrive,EBOOK,2018,1,1,"Murder on Lexington Avenue: Gaslight Mystery Series, Book 12",,Victoria Thompson,"Fiction, Mystery","Penguin Group (USA), Inc.",2013
4091,Digital,OverDrive,AUDIOBOOK,2018,1,5,"Children of Dune: Dune Series, Book 3 (unabridged) (Unabridged)",,Frank Herbert,"Fiction, Science Fiction",Macmillan Audio,2013
4099,Digital,OverDrive,EBOOK,2018,1,1,Southern Storm,,Terri Blackstock,"Fiction, Mystery, Suspense, Thriller",Zondervan,2013
4106,Digital,OverDrive,AUDIOBOOK,2018,1,2,The Sum of All Kisses (Unabridged),,Julia Quinn,"Fiction, Historical Fiction, Romance",HarperCollins Publishers Inc.,2013
4143,Digital,OverDrive,EBOOK,2018,1,5,"Books Can Be Deceiving: Library Lover's Mystery Series, Book 1",,Jenn McKinlay,"Fiction, Mystery","Penguin Group (USA), Inc.",2013
4150,Digital,OverDrive,AUDIOBOOK,2018,1,2,Secretly Smitten (Unabridged),,Colleen Coble,"Christian Fiction, Fiction, Romance","Oasis Audio, LLC",2013
4167,Digital,OverDrive,EBOOK,2018,1,1,Paprika: A Novel,,Yasutaka Tsutsui,"Fiction, Literature, Science Fiction","Random House, Inc.",2013
4169,Digital,OverDrive,EBOOK,2018,1,1,A Peace to End All Peace: The Fall of the Ottoman Empire and the Creation of,,David Fromkin,"History, Nonfiction",Macmillan Publishers,2013
4215,Digital,OverDrive,AUDIOBOOK,2018,1,1,The Beggar King and the Secret of Happiness: A True Story (unabridged) (Unabridged),,Joel ben Izzy,"Biography & Autobiography, Nonfiction, Self-Improvement",HighBridge Company,2013
4218,Digital,OverDrive,EBOOK,2018,1,2,"Cockatiels at Seven: Meg Langslow Mystery Series, Book 9",,Donna Andrews,"Fiction, Humor (Fiction), Mystery",Macmillan Publishers,2013
4224,Digital,OverDrive,AUDIOBOOK,2018,1,2,"The Winter Queen: Erast Fandorin Series, Book 1 (unabridged) (Unabridged)",,Boris Akunin,"Fiction, Historical Fiction, Mystery, Suspense",Books on Tape,2013
4234,Digital,OverDrive,EBOOK,2018,1,2,Tierra de todos: Nuestro momento para crear una nacion de iguales,,Jorge Ramos,"Nonfiction, Politics, Sociology","Random House, Inc.",2013
4243,Digital,OverDrive,AUDIOBOOK,2018,1,5,"Takedown Twenty: Stephanie Plum Series, Book 20 (unabridged) (Unabridged)",,Janet Evanovich,"Fiction, Humor (Fiction), Mystery",Books on Tape,2013
4248,Digital,OverDrive,EBOOK,2018,1,1,"The Good Thief's Guide to Amsterdam: Charlie Howard Series, Book 1",,Chris Ewan,"Fiction, Mystery, Thriller",Macmillan Publishers,2013
4301,Digital,OverDrive,EBOOK,2018,1,2,"Unlawful Contact: I-Team Series, Book 3",,Pamela Clare,"Fiction, Romance","Penguin Group (USA), Inc.",2013
4308,Digital,OverDrive,AUDIOBOOK,2018,1,2,Protection Workshop (Unabridged),,Cassandra Eason,"Nonfiction, Religion & Spirituality, Self Help, Self-Improvement","Blackstone Audio, Inc.",2013
4323,Digital,OverDrive,EBOOK,2018,1,2,Strapless,,Deborah Davis,"Art, Nonfiction","Penguin Group (USA), Inc.",2013
4366,Digital,OverDrive,AUDIOBOOK,2018,1,1,Why People Don't Heal: And How They Can (unabridged) (Unabridged),,Caroline Myss,"Health & Fitness, Nonfiction","Sounds True, Inc",2013
4400,Digital,OverDrive,EBOOK,2018,1,4,Low Pressure,,Sandra Brown,"Fiction, Suspense, Thriller","Hachette Digital, Inc.",2013
4471,Digital,OverDrive,EBOOK,2018,1,1,Until the End of Time: A Novel,,Danielle Steel,"Fiction, Literature, Romance","Random House, Inc.",2013
4499,Digital,OverDrive,EBOOK,2018,1,2,Kiss of Surrender,,Sandra Hill,"Fantasy, Fiction, Romance",HarperCollins Publishers Inc.,2013
4519,Digital,OverDrive,EBOOK,2018,1,2,"Whole Grains Every Day, Every Way",,Lorna Sass,"Cooking & Food, Nonfiction","Random House, Inc.",2013
4579,Digital,OverDrive,AUDIOBOOK,2018,1,1,"The Riven Kingdom: Godspeaker Trilogy, Book 2 (unabridged) (Unabridged)",,Karen Miller,"Fantasy, Fiction","Tantor Media, Inc",2013
4624,Digital,OverDrive,EBOOK,2018,1,2,"Whisper to the Blood: Kate Shugak Series, Book 16",,Dana Stabenow,"Fiction, Mystery",Macmillan Publishers,2013
4626,Digital,OverDrive,EBOOK,2018,1,1,The Art of Being Brilliant: Transform Your Life by Doing What Works For You,,Andy Cope,"Business, Nonfiction","John Wiley & Sons, Inc.",2013
4648,Digital,OverDrive,AUDIOBOOK,2018,1,6,"Titan: The Life of John D. Rockefeller, Sr. (unabridged) (Unabridged)",,Ron Chernow,"Biography & Autobiography, Business, History, Nonfiction","Blackstone Audio, Inc.",2013
4654,Digital,OverDrive,EBOOK,2018,1,1,"Six Geese A-Slaying: Meg Langslow Mystery Series, Book 10",,Donna Andrews,"Fiction, Humor (Fiction), Mystery",Macmillan Publishers,2013
4665,Digital,OverDrive,EBOOK,2018,1,1,Islands of Destiny: The Solomons Campaign and the Eclipse of the Rising Sun,,John Prados,"History, Military, Nonfiction","Penguin Group (USA), Inc.",2013
4689,Digital,OverDrive,EBOOK,2018,1,3,"Ask the Cards a Question: Sharon McCone Mystery Series, Book 2",,Marcia Muller,"Fiction, Mystery","Blackstone Audio, Inc.",2013
4701,Digital,OverDrive,EBOOK,2018,1,1,The Morels,,Christopher Hacker,"Fiction, Literature","Random House, Inc.",2013
4720,Digital,OverDrive,AUDIOBOOK,2018,1,1,The Tale of Peter Rabbit (Unabridged),,Beatrix Potter,"Classic Literature, Fantasy, Juvenile Fiction",Interactive Media,2013
4728,Digital,OverDrive,EBOOK,2018,1,1,"Compelling Evidence: Paul Madriani Series, Book 1",,Steve Martini,"Fiction, Thriller","Penguin Group (USA), Inc.",2013
4731,Digital,OverDrive,EBOOK,2018,1,1,Cagney,,John McCabe,"Biography & Autobiography, Nonfiction, Performing Arts","Random House, Inc.",2013
4736,Digital,OverDrive,EBOOK,2018,1,1,"The Highwayman: Saga of the First King, Book 1",,R. A. Salvatore,"Fantasy, Fiction",Macmillan Publishers,2013
4803,Digital,OverDrive,EBOOK,2018,1,1,"Christmas with Holly: Friday Harbor Series, Book 1",,Lisa Kleypas,"Fiction, Romance",Macmillan Publishers,2013
4813,Digital,OverDrive,AUDIOBOOK,2018,1,1,Fun Is Good: How to Create Joy & Passion in your Workplace & Career (unabridged) (Unabridged),,Mike Veeck,"Business, Management, Nonfiction, Self-Improvement",Gildan Media Corp,2013
4821,Digital,OverDrive,EBOOK,2018,1,4,Daughter of the God-King,,Anne Cleeland,"Fiction, Historical Fiction",Sourcebooks,2013
4879,Digital,OverDrive,EBOOK,2018,1,5,"Girl, Interrupted",,Susanna Kaysen,"Biography & Autobiography, Nonfiction, Psychology, Sociology","Random House, Inc.",2013
4880,Digital,OverDrive,EBOOK,2018,1,1,"A Grave Denied: Kate Shugak Series, Book 13",,Dana Stabenow,"Fiction, Mystery",Macmillan Publishers,2013
4969,Digital,OverDrive,EBOOK,2018,1,2,"Wild Card: Elite Ops Series, Book 1",,Lora Leigh,"Fiction, Romance, Suspense",Macmillan Publishers,2013
4995,Digital,OverDrive,EBOOK,2018,1,2,"The Thunder Keeper: Father John and Vicky Holden Series, Book 7",,Margaret Coel,"Fiction, Mystery","Penguin Group (USA), Inc.",2013
5007,Digital,OverDrive,EBOOK,2018,1,1,"Quinn: Eve Duncan Series, Book 13",,Iris Johansen,"Fiction, Thriller",Macmillan Publishers,2013
5019,Digital,OverDrive,EBOOK,2018,1,1,Ten Rules for Living with My Sister,,Ann M. Martin,Juvenile Fiction,Macmillan Publishers,2013
5035,Digital,OverDrive,EBOOK,2018,1,4,Odd Girl Out,,Ann Bannon,"Fiction, Literature, Romance","Simon & Schuster, Inc.",2013
5047,Digital,OverDrive,EBOOK,2018,1,1,"Skylark: Sarah, Plain and Tall Series, Book 2",,Patricia MacLachlan,"Historical Fiction, Juvenile Fiction",HarperCollins Publishers Inc.,2013
5051,Digital,OverDrive,EBOOK,2018,1,5,"Rose Harbor in Bloom: Rose Harbor Series, Book 2",,Debbie Macomber,"Fiction, Romance","Random House, Inc.",2013
5094,Digital,OverDrive,EBOOK,2018,1,1,In the Spirit of Happiness,,Monks of New Skete,"Nonfiction, Religion & Spirituality","Hachette Digital, Inc.",2013
5122,Digital,OverDrive,EBOOK,2018,1,2,Selected Stories,,O. Henry,"Fiction, Short Stories","Penguin Group (USA), Inc.",2013
5126,Digital,OverDrive,EBOOK,2018,1,3,Whip Smart: A Memoir,,Melissa Febos,"Biography & Autobiography, Nonfiction",Macmillan Publishers,2013
5138,Digital,OverDrive,EBOOK,2018,1,1,"My First New York: Early Adventures in the Big City (As Remembered by Actors, Artists, Athletes, Chefs, Comedians, Filmmakers, Mayors, Models, Moguls, Porn Stars, Rockers, Writers, and Others)",,New York Magazine,"Nonfiction, Travel",HarperCollins Publishers Inc.,2013
5157,Digital,OverDrive,EBOOK,2018,1,2,"Guilt by Degrees: Rachel Knight Series, Book 2",,Marcia Clark,"Fiction, Thriller","Hachette Digital, Inc.",2013
5207,Digital,OverDrive,AUDIOBOOK,2018,1,2,The Golden Notebook (Unabridged),,Doris Lessing,"Fiction, Literature","Naxos of America, Inc.",2013
5229,Digital,OverDrive,AUDIOBOOK,2018,1,2,"Release Me: Stark Trilogy, Book 1 (unabridged) (Unabridged)",,J. Kenner,"Erotic Literature, Fiction, Romance",Books on Tape,2013
5247,Digital,OverDrive,AUDIOBOOK,2018,1,1,Escape (Unabridged),,James Clavell,"Fiction, Literature",Books on Tape,2013
5355,Digital,OverDrive,EBOOK,2018,1,1,"L.A. Confidential: L. A. Quartet, Book 3",,James Ellroy,"Fiction, Historical Fiction, Mystery","Hachette Digital, Inc.",2013
5387,Digital,OverDrive,EBOOK,2018,1,19,The Snow Child: A Novel,,Eowyn Ivey,"Fiction, Historical Fiction, Literature","Hachette Digital, Inc.",2013
5389,Digital,OverDrive,EBOOK,2018,1,1,Girl Factory: A Memoir,,Karen Dietrich,"Biography & Autobiography, Nonfiction",Rowman and Littlefield Publishing Group,2013
5443,Digital,OverDrive,AUDIOBOOK,2018,1,1,The Liberator: One World War II Soldier's 500-Day Odyssey from the Beaches of Sicily to the Gates of Dachau (unabridged) (Unabridged),,Alex Kershaw,"History, Military, Nonfiction",Books on Tape,2013
5469,Digital,OverDrive,EBOOK,2018,1,2,"Eternal Rider: Lords of Deliverance Series, Book 1",,Larissa Ione,"Fantasy, Fiction, Romance","Hachette Digital, Inc.",2013
5491,Digital,OverDrive,EBOOK,2018,1,2,Unnatural Creatures: Stories Selected by Neil Gaiman,,Neil Gaiman,"Short Stories, Young Adult Fiction",HarperCollins Publishers Inc.,2013
5501,Digital,OverDrive,EBOOK,2018,1,5,"Twice Tempted: Night Prince Series, Book 2",,Jeaniene Frost,"Fantasy, Fiction, Romance",HarperCollins Publishers Inc.,2013
5511,Digital,OverDrive,EBOOK,2018,1,1,Pacific Salmon,,Jason Cooper,"Juvenile Nonfiction, Nature, Science",Britannica Digital Learning,2013
5554,Digital,OverDrive,EBOOK,2018,1,2,"Blindsight: Jack Stapleton / Laurie Montgomery Series, Book 1",,Robin Cook,"Fiction, Thriller","Penguin Group (USA), Inc.",2013
5570,Digital,OverDrive,EBOOK,2018,1,5,Wild Invitation: A Psy-Changeling Collection,,Nalini Singh,"Fantasy, Fiction, Romance","Penguin Group (USA), Inc.",2013
5571,Digital,OverDrive,EBOOK,2018,1,1,Sophomore: Undeclared,,Daisy Harris,"Erotic Literature, Fiction, Romance",Totally Bound Publishing,2013
5580,Digital,OverDrive,EBOOK,2018,1,1,"Sweet as Sugar, Hot as Spice: Farrel Sisters Series, Book 3",,Kimberly Raye,"Fiction, Romance","Hachette Digital, Inc.",2013
5612,Digital,OverDrive,AUDIOBOOK,2018,1,1,Joe Ledger: The Missing Files (unabridged) (Unabridged),,Jonathan Maberry,"Fiction, Horror, Thriller","Blackstone Audio, Inc.",2013
5619,Digital,OverDrive,AUDIOBOOK,2018,1,3,The Leopard (Unabridged),,Giuseppe Tomasi di Lampedusa,"Classic Literature, Fiction","Naxos of America, Inc.",2013
5623,Digital,OverDrive,AUDIOBOOK,2018,1,4,"Horde: Razorland Series, Book 3 (unabridged) (Unabridged)",,Ann Aguirre,"Fantasy, Science Fiction & Fantasy, Young Adult Fiction, Young Adult Literature",Macmillan Audio,2013
5627,Digital,OverDrive,AUDIOBOOK,2018,1,1,"Two Brides Too Many: The Sinclair Sisters of Cripple Creek Series, Book 1 (unabridged) (Unabridged)",,Mona Hodgson,"Christian Fiction, Fiction, Historical Fiction, Romance",Books on Tape,2013
5628,Digital,OverDrive,EBOOK,2018,1,23,Tenth of December: Stories,,George Saunders,"Fiction, Literature, Short Stories","Random House, Inc.",2013
5773,Digital,OverDrive,EBOOK,2018,1,1,"Summerkin: Winterling Series, Book 2",,Sarah Prineas,"Fantasy, Juvenile Fiction",HarperCollins Publishers Inc.,2013
5795,Digital,OverDrive,EBOOK,2018,1,1,Reckoning,,David Halberstam,"Business, Nonfiction",Open Road Integrated Media,2013
5823,Digital,OverDrive,EBOOK,2018,1,5,"Captivated: Donovan Legacy Series, Book 1",,Nora Roberts,"Fiction, Romance","Penguin Group (USA), Inc.",2013
5844,Digital,OverDrive,EBOOK,2018,1,1,"Waking Up with a Rake: Regency Rakes Series, Book 1",,Connie Mason,"Fiction, Historical Fiction, Romance",Sourcebooks,2013
5847,Digital,OverDrive,EBOOK,2018,1,6,"Immortal in Death: In Death Series, Book 3",,J. D. Robb,"Fiction, Romance, Suspense","Penguin Group (USA), Inc.",2013
5851,Digital,OverDrive,EBOOK,2018,1,1,Splendor,,Elana K. Arnold,"Romance, Young Adult Fiction, Young Adult Literature","Random House, Inc.",2013
5864,Digital,OverDrive,AUDIOBOOK,2018,1,1,"Cave of Wonders: Infinity Ring Series, Book 5 (unabridged) (Unabridged)",,Matt Kirby,"Historical Fiction, Juvenile Fiction, Science Fiction",Scholastic Inc. Audiobooks,2013
5949,Digital,OverDrive,EBOOK,2018,1,3,"Seeing Red: Firefighters Series, Book 3",,Jill Shalvis,"Fiction, Romance, Suspense","Hachette Digital, Inc.",2013
5969,Digital,OverDrive,EBOOK,2018,1,3,"In Like Flynn: Molly Murphy Series, Book 4",,Rhys Bowen,"Fiction, Historical Fiction, Mystery",Macmillan Publishers,2013
6041,Digital,OverDrive,EBOOK,2018,1,9,Shantaram: A Novel,,Gregory David Roberts,"Fiction, Thriller",Macmillan Publishers,2013
6075,Digital,OverDrive,EBOOK,2018,1,1,"Born to Be Wild: The Others Series, Book 15",,Christine Warren,"Fantasy, Fiction, Romance",Macmillan Publishers,2013
6227,Digital,OverDrive,EBOOK,2018,1,3,The Psychology of Love,,Sigmund Freud,"Nonfiction, Psychology","Penguin Group (USA), Inc.",2013
6235,Digital,OverDrive,AUDIOBOOK,2018,1,1,Don't Go (Unabridged),,Lisa Scottoline,"Fiction, Suspense, Thriller",Macmillan Audio,2013
6239,Digital,OverDrive,EBOOK,2018,1,1,"Shadow of the Hegemon: Ender Wiggin: Shadow Saga, Book 2",,Orson Scott Card,"Fiction, Science Fiction",Macmillan Publishers,2013
6257,Digital,OverDrive,EBOOK,2018,1,1,Above Suspicion,,Helen Macinnes,"Fiction, Suspense, Thriller","Random House, Inc.",2013
6262,Digital,OverDrive,EBOOK,2018,1,1,Smashing Logo Design: The Art of Creating Visual Identities,,Gareth Hardy,"Computer Technology, Nonfiction","John Wiley & Sons, Inc.",2013
6294,Digital,OverDrive,EBOOK,2018,1,4,"Seven Up: Stephanie Plum Series, Book 7",,Janet Evanovich,"Fiction, Humor (Fiction), Mystery",Macmillan Publishers,2013
6334,Digital,OverDrive,EBOOK,2018,1,2,"Taking Chase: Chase Brothers Series, Book 2",,Lauren Dane,"Erotic Literature, Fiction, Romance","Samhain Publishing, Ltd.",2013
6362,Digital,OverDrive,EBOOK,2018,1,1,An Indecent Proposition,,Emma Wildes,"Fiction, Romance","Penguin Group (USA), Inc.",2013
6442,Digital,OverDrive,AUDIOBOOK,2018,1,1,Cleaning House: A Mom's Twelve-Month Experiment to Rid Her Home of Youth Entitlement (unabridged) (Unabridged),,Kay Wills Wyma,"Nonfiction, Religion & Spirituality","Christian Audio, LLC",2013
6530,Digital,OverDrive,EBOOK,2018,1,1,"Betrayal: Scarlet Deception, Book 3",,Christina Dodd,"Fiction, Romance, Suspense","Penguin Group (USA), Inc.",2013
6560,Digital,OverDrive,EBOOK,2018,1,3,Headhunters on My Doorstep: A True Treasure Island Ghost Story,,J. Maarten Troost,"Biography & Autobiography, Nonfiction","Penguin Group (USA), Inc.",2013
6570,Digital,OverDrive,AUDIOBOOK,2018,1,7,We Are All Completely Beside Ourselves: A Novel (unabridged) (Unabridged),,Karen Joy Fowler,"Fiction, Literature","Blackstone Audio, Inc.",2013
6619,Digital,OverDrive,EBOOK,2018,1,2,Once More With Feeling,,Nora Roberts,"Fiction, Humor (Fiction), Romance","Penguin Group (USA), Inc.",2013
6631,Digital,OverDrive,AUDIOBOOK,2018,1,1,Hope and Help for Your Nerves (Unabridged),,Dr. Claire Weekes,"Nonfiction, Self-Improvement",HighBridge Company,2013
6650,Digital,OverDrive,AUDIOBOOK,2018,1,1,"The Perfect Match: Blue Heron Series, Book 2 (unabridged) (Unabridged)",,Kristan Higgins,"Fiction, Romance","Blackstone Audio, Inc.",2013
6654,Digital,OverDrive,EBOOK,2018,1,1,The Spymaster's Daughter,,Jeane Westin,"Fiction, Historical Fiction","Penguin Group (USA), Inc.",2013
6661,Digital,OverDrive,AUDIOBOOK,2018,1,3,The Spirit of Kaizen: Creating Lasting Excellence One Small Step at a Time (unabridged) (Unabridged),,Bob Maurer,"Business, Nonfiction",Books on Tape,2013
6663,Digital,OverDrive,EBOOK,2018,1,2,"Come a Little Bit Closer: The Sullivans Series, Book 7",,Bella Andre,"Fiction, Romance",Oak Press LLC,2013
6667,Digital,OverDrive,EBOOK,2018,1,1,Amsterdam: A History of the World's Most Liberal City,,Russell Shorto,"History, Nonfiction, Travel","Random House, Inc.",2013
6683,Digital,OverDrive,EBOOK,2018,1,2,"Who Was Martin Luther King, Jr.?",,Bonnie Bader,"Biography & Autobiography, Juvenile Nonfiction","Penguin Group (USA), Inc.",2013
6700,Digital,OverDrive,EBOOK,2018,1,1,Like Pickle Juice on a Cookie,,Julie Sternberg,"Juvenile Fiction, Literature",ABRAMS,2013
6725,Digital,OverDrive,EBOOK,2018,1,1,Dogs of War,,Frederick Forsyth,"Fiction, Thriller","Penguin Group (USA), Inc.",2013
6729,Digital,OverDrive,EBOOK,2018,1,1,Buying Trouble: A Companion Novella to Midnight's Daughter,,Karen Chance,"Fantasy, Fiction, Romance, Thriller","Penguin Group (USA), Inc.",2013
6821,Digital,OverDrive,EBOOK,2018,1,1,"The Lost Tomb: Jack Howard Series, Book 3",,David Gibbins,"Fiction, Historical Fiction, Suspense, Thriller","Random House, Inc.",2013
6840,Digital,OverDrive,AUDIOBOOK,2018,1,2,Shade's Children (Unabridged),,Garth Nix,"Science Fiction & Fantasy, Suspense, Young Adult Fiction","Blackstone Audio, Inc.",2013
6868,Digital,OverDrive,EBOOK,2018,1,3,The Light in the Ruins,,Chris Bohjalian,"Fiction, Historical Fiction, Literature, Mystery","Random House, Inc.",2013
6878,Digital,OverDrive,EBOOK,2018,1,1,Wickedly Ever After,,Michelle Marcos,"Fiction, Historical Fiction, Romance",Macmillan Publishers,2013
6951,Digital,OverDrive,EBOOK,2018,1,1,Audrey in Rome,,Luca Dotti,"Biography & Autobiography, Nonfiction, Performing Arts, Photography",HarperCollins Publishers Inc.,2013
6952,Physical,Horizon,BOOK,2018,1,1,Hand quilted with love : patchwork projects inspired by a passion for quilting / Sarah Fielke.,,"Fielke, Sarah","Quilting, Quilting Patterns","CICO Books,",2013
6960,Digital,OverDrive,EBOOK,2018,1,1,O Come All Ye Kinky,,Sarah Frantz,"Erotic Literature, Fiction, Romance",Riptide Publishing,2013
6962,Digital,OverDrive,AUDIOBOOK,2018,1,1,Splat the Cat with a Bang and a Clang: I Can Read Level 1 (unabridged) (Unabridged),,Rob Scotton,"Beginning Reader, Humor (Fiction), Juvenile Fiction",HarperCollins Publishers Inc.,2013
6979,Digital,OverDrive,AUDIOBOOK,2018,1,3,"My Brother Is a Big, Fat Liar: Middle School Series, Book 3 (unabridged) (Unabridged)",,James Patterson,"Humor (Fiction), Juvenile Fiction","Blackstone Audio, Inc.",2013
6995,Digital,OverDrive,AUDIOBOOK,2018,1,1,Suite Francaise (Unabridged),,Irene Nemirovsky,"Fiction, Literature",Books on Tape,2013
6998,Digital,OverDrive,AUDIOBOOK,2018,1,5,The Interestings: A Novel (unabridged) (Unabridged),,Meg Wolitzer,"Fiction, Literature","Dreamscape Media, LLC",2013
7005,Digital,OverDrive,EBOOK,2018,1,1,Three Heroes,,Jo Beverley,"Fiction, Historical Fiction, Romance","Penguin Group (USA), Inc.",2013
7013,Digital,OverDrive,EBOOK,2018,1,2,"Perilous Shield: The Lost Fleet: The Lost Stars Series, Book 2",,Jack Campbell,"Fiction, Science Fiction","Penguin Group (USA), Inc.",2013
7031,Digital,OverDrive,EBOOK,2018,1,1,"People of the Silence: First North American Series, Book 8",,Kathleen O'Neal Gear,"Fiction, Historical Fiction",Macmillan Publishers,2013
7050,Digital,OverDrive,AUDIOBOOK,2018,1,1,Unfinished Business: What the Dead Can Teach Us About Life (unabridged) (Unabridged),,James Van Praagh,"New Age, Nonfiction",HarperCollins Publishers Inc.,2013
7073,Digital,OverDrive,EBOOK,2018,1,1,"Angry Lead Skies: Garrett, P.I. Series, Book 10",,Glen Cook,"Fantasy, Fiction","Penguin Group (USA), Inc.",2013
7109,Digital,OverDrive,EBOOK,2018,1,2,"Furniture Makeovers: Simple Techniques for Transforming Furniture with Paint, Stains, Paper, Stencils, and More",,Barb Blair,"Home Design & Décor, Nonfiction",Chronicle Books,2013
7158,Digital,OverDrive,EBOOK,2018,1,4,James and the Giant Peach,,Roald Dahl,"Classic Literature, Fantasy, Juvenile Fiction","Penguin Group (USA), Inc.",2013
7178,Digital,OverDrive,EBOOK,2018,1,3,"Hush Money: Spenser Series, Book 26",,Robert B. Parker,"Fiction, Mystery","Penguin Group (USA), Inc.",2013
7217,Digital,OverDrive,EBOOK,2018,1,8,"Dawn: Xenogenesis Trilogy, Book 1",,Octavia E. Butler,"Fiction, Science Fiction",Open Road Integrated Media,2013
7245,Digital,OverDrive,EBOOK,2018,1,1,"The Gold Falcon: Deverry: The Silver Wyrm Series, Book 1",,Katharine Kerr,"Fantasy, Fiction","Penguin Group (USA), Inc.",2013
7294,Digital,OverDrive,AUDIOBOOK,2018,1,2,Blood & Beauty (Unabridged),,Sarah Dunant,"Fiction, Historical Fiction",Books on Tape,2013
7300,Digital,OverDrive,AUDIOBOOK,2018,1,9,"One Summer: America, 1927 (unabridged) (Unabridged)",,Bill Bryson,"History, Nonfiction, Sociology",Books on Tape,2013
7365,Digital,OverDrive,EBOOK,2018,1,1,Lickin' License: From Lust to Love to Deception and Death,,Intelligent Allah,"African American Fiction, Erotic Literature, Fiction, Urban Fiction","wahida clark presents publishing, llc",2013
7376,Digital,OverDrive,EBOOK,2018,1,1,"Shattered Souls: Shattered Souls Series, Book 1",,Mary Lindsey,"Historical Fiction, Horror, Romance, Young Adult Fiction","Penguin Group (USA), Inc.",2013
7379,Digital,OverDrive,EBOOK,2018,1,2,It's All American Food: The Best Recipes for More than 400 New American Classics,,David Rosengarten,"Cooking & Food, Nonfiction","Hachette Digital, Inc.",2013
7383,Digital,OverDrive,EBOOK,2018,1,1,"Seventh Son: Tales of Alvin Maker, Book 1",,Orson Scott Card,"Fantasy, Fiction",Macmillan Publishers,2013
7389,Digital,OverDrive,EBOOK,2018,1,1,心理学经典实验书系：儿童心理学 (Child psychology),,Bian YuFang,"Education, Nonfiction","Zhejiang Publishing United Group Digital Media Co.,Ltd",2013
7397,Digital,OverDrive,EBOOK,2018,1,1,Here There Be Monsters,,Meljean Brook,"Fantasy, Fiction, Romance","Penguin Group (USA), Inc.",2013
7410,Digital,OverDrive,EBOOK,2018,1,1,"Piper Reed, Clubhouse Queen: Piper Reed Series, Book 2",,Kimberly Willis Holt,"Juvenile Fiction, Juvenile Literature",Macmillan Publishers,2013
7433,Digital,OverDrive,EBOOK,2018,1,2,Naughty Bedtime Stories,,Joan Elizabeth Lloyd,Fiction,"Penguin Group (USA), Inc.",2013
7482,Digital,OverDrive,EBOOK,2018,1,1,"The Deadly Race to Space: Russia: Secret Agent Jack Stalwart Series, Book 9",,Elizabeth Singer Hunt,"Juvenile Fiction, Juvenile Literature","Hachette Digital, Inc.",2013
7510,Digital,OverDrive,EBOOK,2018,1,1,"The Year's Best Science Fiction, Twelfth Annual Collection",,Gardner Dozois,"Fiction, Science Fiction, Short Stories",Macmillan Publishers,2013
7539,Digital,OverDrive,EBOOK,2018,1,20,"Raven Black: Shetland Island Mystery Series, Book 1",,Ann Cleeves,"Fiction, Mystery",Macmillan Publishers,2013
7553,Digital,OverDrive,EBOOK,2018,1,1,The Tragedy of Mister Morn,,Vladimir Nabokov,"Drama, Fiction, Literature","Random House, Inc.",2013
7554,Digital,OverDrive,EBOOK,2018,1,3,"Light in Shadow: Whispering Springs Series, Book 1",,Jayne Ann Krentz,"Fiction, Romance, Suspense","Penguin Group (USA), Inc.",2013
7587,Digital,OverDrive,AUDIOBOOK,2018,1,1,Huff and Puff Sing Along: My First I Can Read (unabridged) (Unabridged),,Tish Rabe,"Beginning Reader, Juvenile Fiction",HarperCollins Publishers Inc.,2013
7591,Digital,OverDrive,EBOOK,2018,1,1,Heretics and Heroes: How Renaissance Artists and Reformation Priests Created Our World,,Thomas Cahill,"Art, History, Nonfiction","Random House, Inc.",2013
7592,Digital,OverDrive,EBOOK,2018,1,1,The Quantum Doctor: A Quantum Physicist Explains the Healing Power of Integral Medicine,,Amit Goswami,"New Age, Nonfiction",Red Wheel Weiser Conari,2013
7632,Digital,OverDrive,EBOOK,2018,1,2,"Trouble in Texas: Deep in the Heart of Texas Series, Book 4",,Katie Lane,"Fiction, Romance, Western","Hachette Digital, Inc.",2013
7636,Digital,OverDrive,EBOOK,2018,1,1,"The Girl's Guide to (Man) Hunting: Bluebonnet Series, Book 1",,Jessica Clare,"Fiction, Romance","Penguin Group (USA), Inc.",2013
7646,Digital,OverDrive,EBOOK,2018,1,2,"The Vicious Vet: Agatha Raisin Mystery Series, Book 2",,M. C. Beaton,"Fiction, Humor (Fiction), Mystery",Macmillan Publishers,2013
7722,Digital,OverDrive,AUDIOBOOK,2018,1,2,The Piano Tuner: A Novel (unabridged) (Unabridged),,Daniel Mason,"Fiction, Literature",Books on Tape,2013
7726,Digital,OverDrive,EBOOK,2018,1,1,"Unsympathetic Magic: Esther Diamond Series, Book 3",,Laura Resnick,"Fantasy, Fiction","Penguin Group (USA), Inc.",2013
7735,Digital,OverDrive,EBOOK,2018,1,1,Bring the Outdoors In: 20 Garden Projects for the Decorating and Styling Interiors,,Shane Powers,"Home Design & Décor, Nonfiction",Chronicle Books,2013
7769,Digital,OverDrive,AUDIOBOOK,2018,1,1,"The Beautiful and the Cursed: The Dispossessed Series, Book 1 (unabridged) (Unabridged)",,Page Morgan,"Fantasy, Mystery, Suspense, Young Adult Fiction",Books on Tape,2013
7807,Digital,OverDrive,EBOOK,2018,1,1,The Secret of Happy Ever After,,Lucy Dillon,"Fiction, Literature","Penguin Group (USA), Inc.",2013
7828,Digital,OverDrive,EBOOK,2018,1,1,"The Slow Fix: Solve Problems, Work Smarter, and Live Better In a World Addicted to Speed",,Carl Honore,"Business, Nonfiction, Self-Improvement, Sociology",HarperCollins Publishers Inc.,2013
7840,Digital,OverDrive,AUDIOBOOK,2018,1,1,Life's a Witch (Unabridged),,Brittany Geragotelis,"Juvenile Fiction, Juvenile Literature, Young Adult Literature",Simon & Schuster - All Library,2013
7849,Digital,OverDrive,EBOOK,2018,1,3,"The Empress File: Kidd and LuEllen Series, Book 2",,John Sandford,"Fiction, Thriller","Penguin Group (USA), Inc.",2013
7859,Digital,OverDrive,EBOOK,2018,1,1,"The Devil's Domain: Sorrowful Mysteries of Brother Athelstan Series, Book 8",,Paul Doherty,"Fiction, Historical Fiction, Mystery",Severn House Publishers Ltd,2013
7862,Digital,OverDrive,EBOOK,2018,1,2,"A Dangerous Love: Border Chronicles, Book 1",,Bertrice Small,"Fiction, Romance","Penguin Group (USA), Inc.",2013
7912,Digital,OverDrive,EBOOK,2018,1,4,"Magic Lost, Trouble Found: Raine Benares Series, Book 1",,Lisa Shearin,"Fantasy, Fiction","Penguin Group (USA), Inc.",2013
7940,Digital,OverDrive,EBOOK,2018,1,1,One Big Thing: Discovering What You Were Born to Do,,Phil Howard Cooke,"Business, Nonfiction",Thomas Nelson Inc.,2013
7948,Digital,OverDrive,EBOOK,2018,1,2,"In Bed with the Duke: The Governess Brides Series, Book 8",,Christina Dodd,"Fiction, Historical Fiction, Romance","Penguin Group (USA), Inc.",2013
7963,Digital,OverDrive,EBOOK,2018,1,3,Double Sin and Other Stories,,Agatha Christie,"Fiction, Mystery",HarperCollins Publishers Inc.,2013
7988,Digital,OverDrive,EBOOK,2018,1,3,The Ladies of Grace Adieu and Other Stories,,Susanna Clarke,"Fiction, Literature",Bloomsbury USA,2013
7996,Digital,OverDrive,EBOOK,2018,1,1,"Tell Me, Pretty Maiden: Molly Murphy Series, Book 7",,Rhys Bowen,"Fiction, Historical Fiction, Mystery",Macmillan Publishers,2013
8048,Digital,OverDrive,EBOOK,2018,1,1,Conjured,,Sarah Beth Durst,"Mystery, Young Adult Fiction",Bloomsbury USA,2013
8053,Digital,OverDrive,AUDIOBOOK,2018,1,6,"Murder on the Flying Scotsman: Daisy Dalrymple Series, Book 4 (unabridged) (Unabridged)",,Carola Dunn,"Fiction, Mystery","Blackstone Audio, Inc.",2013
8054,Digital,OverDrive,AUDIOBOOK,2018,1,2,"A World Without Heroes: Beyonders Series, Book 1 (unabridged) (Unabridged)",,Brandon Mull,"Fantasy, Young Adult Fiction",Simon & Schuster - All Library,2013
8075,Digital,OverDrive,EBOOK,2018,1,3,Mind's Own Physician: A Scientific Dialogue with the Dalai Lama on the Healing Power of Meditation,,Jon Kabat-Zinn,"Health & Fitness, Nonfiction",New Harbinger Publications,2013
8102,Digital,OverDrive,EBOOK,2018,1,2,On the Island: A Novel,,Tracey Garvis Graves,"Fiction, Romance","Penguin Group (USA), Inc.",2013
8136,Digital,OverDrive,EBOOK,2018,1,1,"Grandad, There's a Head on the Beach: Jimm Juree Series, Book 2",,Colin Cotterill,"Fiction, Mystery",Macmillan Publishers,2013
8149,Digital,OverDrive,EBOOK,2018,1,1,"The Mark of the Vampire Queen: Vampire Queen Series, Book 2",,Joey W. Hill,"Erotic Literature, Fantasy, Fiction, Romance","Penguin Group (USA), Inc.",2013
8202,Digital,OverDrive,EBOOK,2018,1,2,Annals of the Former World,,John McPhee,"Nonfiction, Science",Macmillan Publishers,2013
8208,Digital,OverDrive,EBOOK,2018,1,1,Winter's Tide,,Lisa Williams Kline,Juvenile Fiction,Zondervan,2013
8210,Digital,OverDrive,EBOOK,2018,1,1,"The Pericles Commission: Athenian Mystery Series, Book 1",,Gary Corby,"Fiction, Historical Fiction, Mystery",Macmillan Publishers,2013
8213,Digital,OverDrive,EBOOK,2018,1,3,"The Winning Hand: MacGregor Series, Book 9",,Nora Roberts,"Fiction, Romance","Penguin Group (USA), Inc.",2013
8221,Digital,OverDrive,AUDIOBOOK,2018,1,1,"Reinventing You: Define Your Brand, Imagine Your Future (unabridged) (Unabridged)",,Dorie Clark,"Business, Nonfiction",Gildan Media Corp,2013
8272,Digital,OverDrive,EBOOK,2018,1,5,"Death of a Hussy: Hamish Macbeth Mystery Series, Book 5",,M. C. Beaton,"Fiction, Mystery","Hachette Digital, Inc.",2013
8301,Digital,OverDrive,EBOOK,2018,1,1,The Garden District of New Orleans,,Jim Fraiser,"History, Nonfiction",University Press of Mississippi,2013
8302,Digital,OverDrive,EBOOK,2018,1,1,Night Light,,Terri Blackstock,"Fiction, Science Fiction, Suspense, Thriller",Zondervan,2013
8321,Digital,OverDrive,EBOOK,2018,1,2,"I Married the Duke: Prince Catchers Series, Book 1",,Katharine Ashe,"Fiction, Historical Fiction, Romance",HarperCollins Publishers Inc.,2013
8358,Digital,OverDrive,EBOOK,2018,1,1,"Moon Burning: Children of the Moon Series, Book 3",,Lucy Monroe,"Fantasy, Fiction, Romance","Penguin Group (USA), Inc.",2013
8411,Digital,OverDrive,EBOOK,2018,1,1,Myself and I,,Earl Sewell,"African American Fiction, Young Adult Fiction","Harlequin Enterprises, Ltd.",2013
8438,Digital,OverDrive,EBOOK,2018,1,2,Fairy Dreams (Barbie),,Mary Man-Kong,"Beginning Reader, Juvenile Fiction, Juvenile Literature","Random House, Inc.",2013
8475,Digital,OverDrive,EBOOK,2018,1,1,Mistress of Mellyn,,Victoria Holt,"Fiction, Romance",Macmillan Publishers,2013
8479,Digital,OverDrive,EBOOK,2018,1,2,"Renegade: Elite Ops Series, Book 5",,Lora Leigh,"Fiction, Romance, Suspense",Macmillan Publishers,2013
8522,Digital,OverDrive,EBOOK,2018,1,2,Lucky Penny,,Catherine Anderson,"Fiction, Romance","Penguin Group (USA), Inc.",2013
8553,Digital,OverDrive,EBOOK,2018,1,4,"Only Time Will Tell: Clifton Chronicles, Book 1",,Jeffrey Archer,"Fiction, Historical Fiction",Macmillan Publishers,2013
8557,Digital,OverDrive,EBOOK,2018,1,1,The Color Master: Stories,,Aimee Bender,"Fiction, Literature, Short Stories","Random House, Inc.",2013
8562,Digital,OverDrive,EBOOK,2018,1,1,Lifetime,,Christopher Silas Neal,"Juvenile Nonfiction, Nature",Chronicle Books,2013
8564,Digital,OverDrive,EBOOK,2018,1,1,"Shadow Puppets: Ender Wiggin: Shadow Saga, Book 3",,Orson Scott Card,"Fiction, Science Fiction",Macmillan Publishers,2013
8620,Digital,OverDrive,EBOOK,2018,1,8,"Glory in Death: In Death Series, Book 2",,J. D. Robb,"Fiction, Romance, Suspense","Penguin Group (USA), Inc.",2013
8623,Digital,OverDrive,EBOOK,2018,1,2,Steal Across the Sky,,Nancy Kress,"Fiction, Science Fiction",Macmillan Publishers,2013
8640,Digital,OverDrive,EBOOK,2018,1,1,The Married Kama Sutra: The World's Least Erotic Sex Manual,,Simon Rich,"Family & Relationships, Humor (Nonfiction), Nonfiction","Hachette Digital, Inc.",2013
8646,Digital,OverDrive,EBOOK,2018,1,2,"Fortunately, the Milk",,Neil Gaiman,"Humor (Fiction), Juvenile Fiction",HarperCollins Publishers Inc.,2013
8650,Digital,OverDrive,EBOOK,2018,1,1,Ten Billion,,Stephen Emmott,"Nonfiction, Politics, Science, Sociology","Random House, Inc.",2013
8682,Digital,OverDrive,AUDIOBOOK,2018,1,1,"In Harm's Way: Benjamin Pratt and the Keepers of the School Series, Book 4 (unabridged) (Unabridged)",,Andrew Clements,"Juvenile Fiction, Juvenile Literature",Simon & Schuster - All Library,2013
8710,Digital,OverDrive,EBOOK,2018,1,5,"Deck the Halls, We're Off the Walls!: My Weird School Special Series, Book 3",,Dan Gutman,"Humor (Fiction), Juvenile Fiction",HarperCollins Publishers Inc.,2013
8746,Digital,OverDrive,EBOOK,2018,1,1,Versailles: A Novel,,Kathryn Davis,"Fiction, Historical Fiction",Houghton Mifflin Harcourt Trade and Reference,2013
8767,Digital,OverDrive,EBOOK,2018,1,1,"A Sparrow Falls: The Courtney Family, The First Sequence Series, Book 3",,Wilbur Smith,"Fiction, Historical Fiction, Literature",Macmillan Publishers,2013
8790,Digital,OverDrive,EBOOK,2018,1,2,Time Reborn: From the Crisis in Physics to the Future of the Universe,,Lee Smolin,"Nonfiction, Science",Houghton Mifflin Harcourt Trade and Reference,2013
8801,Digital,OverDrive,EBOOK,2018,1,1,More Than Sorrow: A Mystery,,Vicki Delany,"Fiction, Mystery",Poisoned Pen Press,2013
8802,Digital,OverDrive,EBOOK,2018,1,1,"A World of Curiosities: Surprising, Interesting, and Downright Unbelievable Facts from Every Nation on the Planet",,John Oldale,"Nonfiction, Reference","Penguin Group (USA), Inc.",2013
8829,Digital,OverDrive,EBOOK,2018,1,1,Villette,,Charlotte Bronte,"Classic Literature, Fiction","Penguin Group (USA), Inc.",2013
8840,Digital,OverDrive,EBOOK,2018,1,2,Autobiography of a Corpse,,Sigizmund Krzhizhanovsky,"Fiction, Literature, Short Stories","Random House, Inc.",2013
8894,Digital,OverDrive,EBOOK,2018,1,1,The Magic Finger,,Roald Dahl,"Fantasy, Juvenile Fiction","Penguin Group (USA), Inc.",2013
8904,Digital,OverDrive,EBOOK,2018,1,1,SEAL Team Six: Memoirs of an Elite Navy SEAL Sniper,,Howard E. Wasdin,"Biography & Autobiography, History, Military, Nonfiction",Macmillan Publishers,2013
8961,Digital,OverDrive,AUDIOBOOK,2018,1,1,The Thicket (Unabridged),,Joe R. Lansdale,"Fiction, Mystery, Thriller","Blackstone Audio, Inc.",2013
9062,Digital,OverDrive,AUDIOBOOK,2018,1,4,Assignment in Eternity (Unabridged),,Robert A. Heinlein,"Fiction, Science Fiction","Blackstone Audio, Inc.",2013
9133,Digital,OverDrive,EBOOK,2018,1,3,What to Expect the First Year,,Heidi Murkoff,"Family & Relationships, Nonfiction",Workman Publishing,2013
9138,Digital,OverDrive,EBOOK,2018,1,5,Should We Eat Meat Evolution and Consequences of Modern Carnivory,,Vaclav Smil,"Nonfiction, Technology","John Wiley & Sons, Inc.",2013
9141,Digital,OverDrive,EBOOK,2018,1,1,You Are What You Wear: What Your Clothes Reveal About You,,Jennifer Baumgartner,"Art, Health & Fitness, Nonfiction, Self-Improvement","Hachette Digital, Inc.",2013
9229,Digital,OverDrive,AUDIOBOOK,2018,1,1,"Caps For Sale: The Tale of a Peddler, Some Monkeys and Their Monkey Business (unabridged) (Unabridged)",,Esphyr Slobodkina,"Juvenile Fiction, Juvenile Literature",Live Oak Media,2013
9252,Digital,OverDrive,EBOOK,2018,1,1,Jane Austen,,Carol Shields,"Biography & Autobiography, Nonfiction","Penguin Group (USA), Inc.",2013
9271,Digital,OverDrive,EBOOK,2018,1,1,"Death on a Pale Horse: Lost Sherlock Series, Book 6",,Donald Thomas,"Fiction, Mystery",Open Road Integrated Media,2013
9295,Digital,OverDrive,EBOOK,2018,1,1,"Southern Italian Desserts: Rediscovering the Sweet Traditions of Calabria, Campania, Basilicata, Puglia,and Sicily",,Rosetta Costantino,"Cooking & Food, Nonfiction","Random House, Inc.",2013
9307,Digital,OverDrive,AUDIOBOOK,2018,1,1,"Never Again Good-Bye: Second Chances Series, Book 1 (unabridged) (Unabridged)",,Terri Blackstock,"Christian Fiction, Fiction, Suspense",Zondervan,2013
9322,Digital,OverDrive,EBOOK,2018,1,1,Who Was Ben Franklin?,,Dennis Brindell Fradin,"Biography & Autobiography, Juvenile Nonfiction","Penguin Group (USA), Inc.",2013
9329,Digital,OverDrive,EBOOK,2018,1,3,"Whatever You Do, Don't Run: True Tales of a Botswana Safari Guide",,Peter Allison,"Nonfiction, Travel",Rowman and Littlefield Publishing Group,2013
9349,Digital,OverDrive,EBOOK,2018,1,2,Have Stakes Will Travel: Stories from the World of Jane Yellowrock (An e-Special from New American Library),,Faith Hunter,"Fantasy, Fiction","Penguin Group (USA), Inc.",2013
9361,Digital,OverDrive,EBOOK,2018,1,12,The Checklist Manifesto: How to Get Things Right,,Atul Gawande,"Business, Medical, Nonfiction",Macmillan Publishers,2013
9368,Digital,OverDrive,EBOOK,2018,1,1,"In Danger's Path: The Corps Series, Book 8",,W.E.B. Griffin,"Fiction, Historical Fiction, Thriller","Penguin Group (USA), Inc.",2013
9396,Digital,OverDrive,EBOOK,2018,1,1,The Inventor and the Tycoon: A Gilded Age Murder and the Birth of Moving Pictures,,Edward Ball,"Biography & Autobiography, History, Nonfiction, True Crime","Random House, Inc.",2013
9398,Digital,OverDrive,EBOOK,2018,1,1,Eminent Hipsters,,Donald Fagen,"Biography & Autobiography, Music, Nonfiction, Performing Arts","Penguin Group (USA), Inc.",2013
9412,Digital,OverDrive,EBOOK,2018,1,3,"Organizing from the Inside Out: The Foolproof System For Organizing Your Home, Your Office and Your Life",,Julie Morgenstern,"Home Design & Décor, Nonfiction",Macmillan Publishers,2013
9417,Digital,OverDrive,EBOOK,2018,1,1,"More Beer: Kayankaya Mystery Series, Book 2",,Jakob Arjouni,"Fiction, Mystery","Random House, Inc.",2013
9438,Digital,OverDrive,EBOOK,2018,1,3,"The Naughty Corner: The Naughty Corner Series, Book 1",,Jasmine Haynes,"Erotic Literature, Fiction, Romance","Penguin Group (USA), Inc.",2013
9446,Digital,OverDrive,EBOOK,2018,1,1,"Sweetheart: Archie Sheridan & Gretchen Lowell Series, Book 2",,Chelsea Cain,"Fiction, Mystery, Suspense, Thriller",Macmillan Publishers,2013
9455,Digital,OverDrive,EBOOK,2018,1,4,"Cherished: Delicious Series, Book 1",,Maya Banks,"Erotic Literature, Fiction, Romance","Penguin Group (USA), Inc.",2013
9468,Digital,OverDrive,EBOOK,2018,1,1,Killer Takes All,,Erica  Spindler,"Fiction, Thriller, Thriller","Harlequin Enterprises, Ltd.",2013
9517,Digital,OverDrive,EBOOK,2018,1,1,The Book of Blood: From Legends and Leeches to Vampires and Veins,,HP Newquist,"Nonfiction, Science",Houghton Mifflin Harcourt Trade and Reference,2013
9561,Digital,OverDrive,AUDIOBOOK,2018,1,1,"Capacity for Murder: Professor Bradshaw Mystery Series, Book 3 (unabridged) (Unabridged)",,Bernadette Pajer,"Fiction, Mystery","Blackstone Audio, Inc.",2013
9668,Digital,OverDrive,AUDIOBOOK,2018,1,1,"Black Ice: Young Sherlock Holmes Series, Book 3 (unabridged) (Unabridged)",,Andrew Lane,"Historical Fiction, Mystery, Young Adult Fiction, Young Adult Literature",Macmillan Audio,2013
9669,Digital,OverDrive,EBOOK,2018,1,1,"The Silence: Nell West and Michael Flint Series, Book 3",,Sarah Rayne,"Fiction, Horror",Severn House Publishers Ltd,2013
9675,Digital,OverDrive,EBOOK,2018,1,1,"An Unfinished Life: John F. Kennedy, 1917 - 1963",,Robert Dallek,"Biography & Autobiography, Nonfiction","Hachette Digital, Inc.",2013
9705,Digital,OverDrive,AUDIOBOOK,2018,1,2,"Silentium: Halo: Forerunner Saga, Book 3 (unabridged) (Unabridged)",,Greg Bear,"Fiction, Literature, Science Fiction",Macmillan Audio,2013
9716,Digital,OverDrive,EBOOK,2018,1,1,Mission to Mars: My Vision for Space Exploration,,Buzz Aldrin,"Nonfiction, Science, Technology","Random House, Inc.",2013
9745,Digital,OverDrive,EBOOK,2018,1,1,"The Cat Who Sniffed Glue: The Cat Who Series, Book 8",,Lilian Jackson Braun,"Fiction, Mystery","Penguin Group (USA), Inc.",2013
9750,Digital,OverDrive,EBOOK,2018,1,1,"Betrayal: Dismas Hardy Series, Book 12",,John Lescroart,"Fiction, Thriller","Penguin Group (USA), Inc.",2013
9809,Digital,OverDrive,EBOOK,2018,1,1,"Blood Trust: Jack McClure Series, Book 3",,Eric Van Lustbader,"Fiction, Thriller",Macmillan Publishers,2013
9821,Digital,OverDrive,EBOOK,2018,1,2,"A Beautiful Mess Photo Idea Book: 95 Inspiring Ideas for Photographing Your Friends, Your World, and Yourself",,Elsie Larson,"Crafts, Nonfiction, Photography","Random House, Inc.",2013
9839,Digital,OverDrive,EBOOK,2018,1,1,"Betrayed: The Vampire Journals Series, Book 3",,Morgan Rice,"Fantasy, Romance, Young Adult Fiction",Kobo Writing Life,2013
9861,Digital,OverDrive,EBOOK,2018,1,1,The Empress of Mars,,Kage Baker,"Fiction, Science Fiction",Macmillan Publishers,2013
9885,Digital,OverDrive,EBOOK,2018,1,1,"Cross: Jack Taylor Series, Book 6",,Ken Bruen,"Fiction, Mystery",Macmillan Publishers,2013
9902,Digital,OverDrive,EBOOK,2018,1,1,Who Was Alexander Graham Bell?,,Bonnie Bader,"Biography & Autobiography, Juvenile Nonfiction","Penguin Group (USA), Inc.",2013
9928,Digital,OverDrive,EBOOK,2018,1,3,Unclean Jobs for Women and Girls,,Alissa Nutting,"Fiction, Short Stories",Lightning Source Inc,2013
